Daniel1.jpg,2
Daniel10.jpg,2
Daniel11.jpg,2
Daniel12.jpg,2
Daniel2.jpg,2
Daniel3.jpg,2
Daniel4.jpg,2
Daniel5.jpg,2
Daniel6.jpg,2
Daniel7.jpg,2
Daniel9.jpg,2
franco1.jpg,3
franco10.jpg,3
franco11.jpg,3
franco2.jpg,3
franco3.jpg,3
franco4.jpg,3
franco5.jpg,3
franco6.jpg,3
franco7.jpg,3
franco8.jpg,3
franco9.jpg,3
hector (1).jpg,1
hector (10).jpg,1
hector (11).jpg,1
hector (12).jpg,1
hector (13).jpg,1
hector (14).jpg,1
hector (15).jpg,1
hector (16).jpg,1
hector (17).jpg,1
hector (18).jpg,1
hector (19).jpg,1
hector (2).jpg,1
hector (20).jpg,1
hector (21).jpg,1
hector (22).jpg,1
hector (23).jpg,1
hector (24).jpg,1
hector (25).jpg,1
hector (26).jpg,1
hector (27).jpg,1
hector (28).jpg,1
hector (29).jpg,1
hector (3).jpg,1
hector (30).jpg,1
hector (31).jpg,1
hector (32).jpg,1
hector (33).jpg,1
hector (34).jpg,1
hector (35).jpg,1
hector (36).jpg,1
hector (37).jpg,1
hector (38).jpg,1
hector (39).jpg,1
hector (4).jpg,1
hector (40).jpg,1
hector (41).jpg,1
hector (42).jpg,1
hector (43).jpg,1
hector (44).jpg,1
hector (45).jpg,1
hector (46).jpg,1
hector (47).jpg,1
hector (48).jpg,1
hector (49).jpg,1
hector (5).jpg,1
hector (50).jpg,1
hector (51).jpg,1
hector (52).jpg,1
hector (53).jpg,1
hector (54).jpg,1
hector (55).jpg,1
hector (56).jpg,1
hector (6).jpg,1
hector (7).jpg,1
hector (8).jpg,1
hector (9).jpg,1
luciano1.jpg,5
luciano4.jpg,5
luciano5.jpg,5
luciano6.jpg,5
luciano7.jpg,5
luciano8.jpg,5
luciano9.jpg,5
lx1.jpg,4
lx10.jpg,4
lx3.jpg,4
lx4.jpg,4
lx5.jpg,4
lx6.jpg,4
lx7.jpg,4
lx8.jpg,4
lx9.jpg,4
